{"High": 21.31277371365575, "Low": 20.233905390854492, "Med": 18.046397611531646, "Global": 19.9183606251227}